full_text,sentiment
grooming selalu siap berapa lama eh depend tengok kucing tu macam mana,negative
jangan teralihkan oleh seekor kucing guys kucing ini biaya hidupnya jauh lebih besar dari gaji guru sebulan please stop with this shit this is everything wrong with indonesia,negative
kcg ini kucing jenis apaa warnanya lucu bangettt heuehueue embul,positive
kucing ras munchkin kucing gendut ceper,negative
pengen punya kucing tapi takut banget misalkan nanti meningsoy ak nangis ga berenti berenti,negative
ayo catlovers amp orang baik yg mau berbagi kasih utk pengobatan para kucing berpenyakit di jalanan kami berniat menolong banyak kucing dgn berbagai penyakit doain ya onti ongkel supaya mereka tetep survive dicuaca buruk ini jazakallah,positive
ი𐑼 ᐟ pencinta kucing kalian wajib tau sih ada alat makan dan minum kucing se praktis ini 𐙚 ngga perlu repot lagi buat siapin produk untuk makan dan minum si meng ada sistem otomatis dan beberapa varian warna lainnya 𓏲,neutral
kucing putih tuh emang oon ya sumpah dah,positive
ya allah sampai hati buang anak kucing padahal ada induknya semoga orang yang mau merawat kucing dimudahkan segala urusannya aamiin,positive
kegiatan hari ini pindahan tempat baru dan adopt anak baru lagii namanya lycha bsh boy masih kitten bulan,positive
alasan kenapa kucing tidak bisa masuk surga apalagi yg oren,negative
alhamdulillah cino sehat saking sehatnya habis di suntik dia buka pintu klinik jadi kemarin ke dokter hewan nganterin kucing sodara yang sakit namanya cici ndak ku foto kasian soalnya yudah akhirnya sekalian bawa cino karena cino akhir ini batuk batuk gitu lalu cino,negative
twitter pls do your magic temen aku izin open donasi ya ini ada kitten baru minggu kayaknya dan dua hari lalu nemu di tengah jalan raya literally traffic rame hampir ketabrak akhirnya aku bawa pulang dulu buat diamanin setelah dibawa pulang baru ketauan badannya banyak,neutral
alhandulillah operasinya udah selesai semoga sehat terus ya buat yg nembak nih kucing gue sumpahin semua kejahatan balik lagi ke dia,positive
kucing broken home,negative
diantara semua kucing yang pernah kutemui cuma cino saja yang berhasil memenangkan hatiku terima kasih cino sudah memperjuangkan untuk menjadi pengisi hati mami,negative
gada namanya kucing jelek adanya gemas gemas kecil gemas besar gemas bangett gemasss luarr biasaaa pspspspsps ngopi kah kita,positive
another level kucing upm ni,negative
kucing cuek,negative
baru tau ingus kucing bisa sepanjang ini,negative
kucing umur tahun manusianya umur tahun artinya kucing ini udah jadi bagian dari hidup cowok ini sejak dia masih sd dan sampe sekarang tetep aja jalan ke pintu kayak bos ngecek pegawai yang baru pulang kerja yang bikin org auto mewek liat ini bukan cuma soal umur,neutral
kahwinilah lelaki yang tak perlu buat apa apa pun kucing datang meleseh sebab kucing tahu kalau manusia tu penyayang,negative
hai guys aku masih open adopt mahar underprice kucing kitten british shorthair x scottish fold induknya import yang penting dirawat dengan kasih sayang amp sepenuh hati bisa dikirim ke luar kota depok bisa visit dulu,positive
breaking news kucing pororo ilang di margahayu bandung sekitar jl rancabolang jl jupiter pororo kucing pinter amp nurut banget terkenal di tiktok krn bantuin ownernya jualan fashion kucing termasuk selebcing soalnya viral banget semoga cepet ketemu pororo nya,neutral
semenjak dikasih uang jajan sm opa skrg tiap opanya datang dia ikut nongkrong siapa yg ajariin malu woyyyy mak bapak lo duaduanya org gaenakan,neutral
tengok ni ada kucing bertuah garu bontot dia kat karpet surau,negative
kcg kucing rusak,negative
gue mau nangis itu kucing adalah anak gue di halte maaf ya yong emang anaknya suka nyakarin kaki,negative
kucing gua tadi pagi kabur gegara pintu rumah kebuka pulang kakinya pincang sebelah di bikin story sama yg nemuin kek gini mukanya dia plongo bgt mana bulunya putih langsung kotor dah sebadan,negative
baca di sini mengajari kucing menggunakan litter box perlu kesabaran dan kondisi yang nyaman lantas bagaimana cara melatihnya agar terbiasa kq,neutral
terima kasih pak yang sudah menjenguk saya tadi malam ditemani kucing kesayangannya mohon maaf belum bisa mendampingi bapak mohon doa dari semuanya untuk kesembuhan saya,negative
gangguan terhebat ketika solat bukan syaitan tetapi kucing,negative
sama kucing kesayangan,positive
l lemah letih lesu lunglai loveyou,negative
baru tau ada kucing kriting,negative
teman anak kucing ini ada ibu nya yang stay di jpo itu juga kucing calico jadi kalau memang mau di adopt tolong sekalian dibawa sama ibunya ya dan kalau mau kasih makan titip sampahnya dibawa lagi yaaa loveee,neutral
prediksi partai final indonesia vs thailanda,positive
aku takde kucing jangan bagitau akak aku,negative
kok bisa dia di situ,negative
aku taktahu nak kesian ke nak gelak tengok kucing aku ni dia nangis weh kena tinggal balik kampung hari je wehhh hahaahhaha,negative
kalian kalo liat anak kucing tuh rasanya gemes ga sih greget pengen hap gitu ku masukin pala kittennya ke dalam mulutku ku hap huhahuha gemesssss,negative
setiap makan malem kucingku selalu join dan duduk di kursi kek gini kadang bingung dia kucing ap bkn,neutral
star liattt ini riku lucu banget siapa lagi idol yang suka kucing kaya riku,positive
guys viralin yuk kucing okn jadi menderita gini,neutral
kucing lakcaca acal indonesia,neutral
bahkan seekor kucing kampung liar lebih hoki daripada gw,negative
tiara punya kucing wow satu aja kita pusing gimana kalo lusin,negative
kalian yang ngeracunin kucingkucing sampai mati semoga hidup kalian dipenuhi penderitaan lahir batin kucingkucing ini ada yang punya memang berkeliaran di kompleks yang tertera di foto memang ada beberapa warga kompleks yang sangat membenci kucing kuat dugaan mereka,negative
nadao boys yang ke gmm buat ngejar kucing dari utara,negative
beredar video viral di media sosial memperlihatkan seekor kucing sedang dimanjakan oleh tuan nya tapi kenapa aku merinding sekali melihatnya sampai detik akhir apakah kalian merasakan nya,neutral
kucing gua kayak gini kok oon sihh,negative
kucing aku rosak ke,negative
kucing motif mujaer ini emg kadang suka lupa kalo mereka ini kucing ya,neutral
kucing totoltotol hitam,negative
kucing ak jg njir hari yg lalu,negative
ibu kucing anterin anaknya ke rumah sakit,neutral
kenapa sih kucing ngga bisa di wa,neutral
kcg kenapa ya anak kucing itu kecil bgt dan mini dan busuk dan ga berdaya terus planga plongo kayak ihhh apa ga takut diinjek terus kayak habis kenyang tidur mereka lebih bayi dari bayi sendiri dan mereka tuh kepoan bgt kayak ih aku lahap ya kamu,negative
dalam hati kucing aelah dari tahun kemarin jokes lu gini mulu,negative
lolo kucing paling iseng,negative
kucing tidur jelek yang aku temukan hari ini,negative
apasih lucu banget ada kucing melesat lari buat ngambil makan tapi dia berdiri depan pintu,negative
kucing hantu tetek,neutral
bentuk dan perubahan pupil mata kucing sangat berpengaruh dalam menunjukkan suasana hati emosi serta insting sesaat mereka bukan sebagai penentu karakter permanen pupil melebar membulat besar menandakan kucing sedang merasa sangat terangsang emosinya karena takut,negative
memakai tangan mi sbg guling,neutral
ini kucing siapa,neutral
mau apa ini kucing di mejaku kira,neutral
seekor kucing yg suka selfie,neutral
enak bgt cemilan rendah gula masa ada yang bilang rasanya mirip makanan kucing,negative
kalau kucing kamu baru pulang dari luar mending dicek dulu deh lihat di sela jari kakinya telinga mata dan hidung,neutral
kcg kenapa sih kucing itemputih tuh kadang motifnya ramdom banget siapa yg punya motif aneh nih,negative
bukannya nemenin eyang malah pada mainan kursi roda,negative
kalau lu punya pemimpin yg single punya kucing perutnya buncit nonton film ini ya digger ternyata ada pilemnya toh,negative
makasih warga yang udah share benda ini setelah ini nggak ada lagi drama aku berantem sama istri garagara lupa kasih kucing makan,positive
suka bgt suka mampus gw mampus lucu bgt kucing cium kucing,negative
gak kuat cincin jejak kaki kucing ini gemes sekali,negative
zombie atau vampir kucing,neutral
kucing bloon with zero survival skills just nom nom nom meow meow meow,negative
ibarat pegang kucing,negative
cowo se ok ini tapi kucing,neutral
jutek bgt ni kucing garonk dikasih side eye jir,negative
anak kucing tiru cara arnab melompat,neutral
bapak dalam kostum kucing,neutral
calon suamiku alergi kucing jd aku mau open adopt bersih lincah pinter bbnya kg tinggi dateng langsung aja gedungnya udah dibooking,neutral
mamaku setiap ketemu kucing share di grup keluarga,neutral
awas kucing gendut,negative
semoga kucingkucing kita semua sehat semua karena tibatiba ditinggal itu rasanya sakit banget,negative
tadi sore ada bocil sepedaan lewat rumah dan dia bilang halo kak kakak cantik kakak kok kucing nya banyak banget salting deh kalo disapa dan dipuji anak kecil rasanya beda sama orang dewasa yg ngomong kirakira mereka jujur ga yaa,neutral
ya allah alhamdulillah kucing selamat rupanya ada banyak dalam rumah tu,positive
seekor anak kucing kuwuk prionailurus bengalensis kucing hutan kalimantan berhasil selamat dari kobaran api namun tidak dengan induk dan keluarganya yg terkepung api kebakaran hutan kalimantan kucing kuwuk adalah kucing liar kecil asia selatan dan timur mereka ditemukan di,neutral
kucing siapa ini kith kith sembarangan genittt,neutral
ㅤ keistimewaan pahala memelihar kucing ㅤ,neutral
jenisjenis kucing yg harus anda ketahui,neutral
please bantu ramein kasus ini aku sebagai cat pawrents bacain pengalaman yg suka mampir ke blok m dan ketemu kucing leo ini ikut sedih,negative
kesian kucing kena serang anjing liar macam bangsa tu jugak la perangai suka serang rompak orang apabila ramai bila sorang diri kecut sebab tu selalu backup anjing sama keturunan rupanya,negative
di galeri lebih banyak foto kucing ketimbang foto gua tapi ini gemes banget isi pertalite jam malem ada yg udah tidur,neutral
gak sabar banget nanti siang mau adopsi kucing warna putih dari temenku kira kira kasih nama siapa ya,neutral
happy international animal day and zookeeper day dari sagara kucing langit dan anaknya joni,neutral
ekor kucing ekor anjing ekor pembully anjing ekor pelindung anjing ekor anggota dewan pertimbangan,negative
tragedi gantungan kunci biji kucing copot dan otsu dengan motivator juna teguh kita harus merelakan itu biji karena everything come and go ya,neutral
kucing kecil buluk,neutral
lo pernah penasaran gak kenapa lo bucin banget sama kucing padahal kerjaan mereka gajelas nyakarnyakar tidur boker gabisa mandi sendiri terus kenapa lo sayang banget sama kucing,neutral
kucing doyan sayur bisa aja tapi sayuran seperti mentimun di video ini bukan makanan utama kucing itu karnivora tubuh dan sistem pencernaan mereka dirancang khusus untuk mencerna daging serta protein hewani kucing memerlukan zat penting seperti taurin yang hanya bisa,negative
lg memikirkan banyak hal,positive
nampak dua beradik ni tido tepi kedai runcit orang cakap kucing tido sebab kenyang tapi tak semua orang tau kucing tido sebab lapar cuba panggil then you will know,neutral
ganteng ganteng ganteng wow seonghyeon terganteng yang pernah aku lihat selama ini rizz rizz kharisma era rizz seonghyeon malu malu lucuu banget malu malu kucing dipuji abang abangnya,negative
kcg kucing ngokop tiang bahaya ga sih,negative
dan gue ngepel berak nya kucing gue di jam malem dengan outfit kayak gini bayangin,negative
kucing,negative
kucing saat tidak diperlukan,negative
beli ayam ekor dair debesto gw baru makan sayapnya doang diambil kucing,negative
ada pengusaha tajir perutnya buncit hidup sendirian di mansion ditemani kucing ulahnya bikin bencana yang ngancam satu dunia tapi terus siapa yang disuruh buat beresin ya dia sendiri dia nggak sibuk ngitung kerusakan dia sibuk ngurus narasi katanya kalau alam,negative
pernah tengok kucing hisap jari so cute i tell you,negative
beneran phuwin tuh sekucing itu in real life tiap gerak gerik dia ada suara meow meow nya gitu,negative
i just lost my first anabul yang nemenin aku dari masih gak berani kucing sampe bisa unyel unyel kucing yang nemenin dari aku sd sampe udah lulus kuliah dari dia masih barbar sampe jadi nenek² yang sukanya tidur di tempat empuk fly high kibby ku sayang,negative
ini kucing gw setara hunter kok,negative
lucu banget beneran kek malumalu kucing gituu,negative
demi apa ini lucu banget keychain kucing rock n roll,positive
kucing aja foreplay dulu masa kalian langsung colok sih,neutral
halo orang baik yuk kita bantu doa amp donasi untuk kucing cibubur ini terima kasih,positive
dips yang tinggal di kos griya ayutika daerah sumurboto baru ga ya kalo ada yg liat kucing kaya di gambar ini tolong infoin ya terakhir ke lacak di kosan ini soalnya huhu,negative
saya berkesempatan untuk mengunjungi pulau kucing yang terletak berhampiran pusat tenun pekan pahang buat masa sekarang ada lebih kurang ekor kucing jalanan yang dibela sebuah tempat yang sangat cantik dan tenang sesuai untuk pengunjung yang sukakan kucing,negative
turu sek,neutral
aku juga punya dudut kucing kampung aku namanya dudut,positive
semuanya tolong stop marah marah yang boleh mayah mayah cuma kucing imut ini,negative
if you see this do it name tapiocaalice tapioca alice height cm nicknames alice arisu haji ariz mak siblings tunggal relationship otw menikahi kanae crushing on kanaekanaekanae fav season spring pet ga pny tapi mau,neutral
kucing one tweet au,positive
ngapain sih kucing dipakein baju ya gimana anak sendiri minta gaya harus diturutin kalau besok minta kuliah tinggal cari kampus yang nerima mahasiswa berbulu,neutral
bukan kucing ras maine coon apalagi norwegian forest yg ini asli jawa amp berbudaya,neutral
nemu tatakan makanan kucing ini di toko oren kok lucu yaa ada yg punyaa,negative
bila kawan kau takut kucing,negative
ya tuhan lemes lucu banget adek gak kuat lucu banget kucing lucu imut gemes ya tuhan phuwintang gue gak sanggup,positive
emang termul itu lucu walau suka bikin geram bodoh tapi tidak tahu dan paham akan kebodohannya jadinya ngegas terus kek kucing yg kebelet kawin,positive
guys innalillahi nala kucingnya si okin meninggal okin hidup lu kok bisa setenang itu ninggalin kucing tanpa diurus,negative
gak bakat gambar tapi okelah ini gambar kucing,negative
alesan lama pas pulang kejebak macet ngelus kucing gembrot dulu,negative
kucing putih bertato nan lucu,positive
ayo edit kucing aku jadi meme x ketawa gift member streamnya tanggal oktober yah oh ya namanya chimi d,positive
konten awareness efek kamitetep ke kesehatan kulit amp bulu kucing h sebelum ke vet hari sebelumnya kucing ku yg gak pernah rontok tiba tiba setiap beberes ketemu banyak bulunya di mana mana aku pikir mungkin karena heat amp dia belom steril masih bayik bulan,neutral
alasan kucing betina ngga mau sama kucing gua,positive
ruang bawah tangga dijadikan bilik kucing selalunya stor barang sb,negative
ini nessie kucing batman nya earth ni dia emang yang paling suka manjatmanjat,negative
bapak then ga ada pelihara kucing kotor bapak now sini nak akung setelin yutub,neutral
meng hana ngasih space buat nani biar duduk juga karena sesama kucing,neutral
ngide bgt bikin sosis malah kaya pup kucing,neutral
cantik gila rumah kucing,negative
lihat di threads katanya kucing decathlon pondok indah dihantam stik golf sama bapak pengunjung lain langsung konfrontasi si bapak dan berusaha cek kondisi si kucing kata gua yang suka tau kekerasan ga wajar ke hewan harus diperiksa dah bahaya buat manusia juga,negative
gitu amat si liatliatannya tdk iri,negative
kok ada ya orang yang takut ama kucing padahal kan lucu,positive
kucing asli vs yg maksa jd kucing,negative
halo semuanya perkenalkan namaku dimas aji asal malang sudah seminggu ini aku sedang rescue kucing yg kuberi nama entung kronologinya aku menemukan entung dijalan sedang berjalan pincang ketika saya datangi ternyata entung kakinya patah dan berjalan dgn menyeretngesot,neutral
di hape pi bisa buat nonton yutup nggak kaya di aiped,neutral
sepertinya km sudah bosan jadi kucing rumahan km mau jadi kucing gelandangan hah,neutral
a lone leopard cat or prionailurus bengalensis kitten was found in the middle of a forest fireravaged area in sampit central kalimantan sadly its parents were nowhere to be found,neutral
beli sepatu warnanya biru cuaca panas bikin gerah rasanya liat kucing oren tidur melulu minum es kopi blue butter obat ngantuknya udah pada ngopi belum,neutral
siapa ya orang pertama kali yang memelihara kucing,neutral
bule bule itu sudah menjajah indonesia ratusan tahun mereka udah keluar dari negara ini sejak namun masih banyak orang indonesia yang punya mental terjajah mengagungagungkan bulebule itu terus kek emang kalau muka khas indo kenapa gilaa yaaa bule bule bulee tai,negative
gw selalu rispek sm orang yang ga suka kucing tp ga pernah nendang ga pernah nyakitin kucingngebun bun dll knp manusia ini punya akal tp kdg akalnya ga dipake woy dia jg makhluk hidup ya,negative
jadi tadi paket aku dateng tapi ngga ada orang dirumah akhirnya abang paketnya wa krn kucing aku kepoan dia naik ke jendela dan ditulis yg nerima kucing,neutral
ini makanan kucing apa bukan best si floaty,negative
otw ngampus hari ini ketemu kucing gembrottt di jalann,neutral
kadang seronok betul tengok kucing tidur tanpa fikir masalah duniawi share gambar kucing anda tidur bujibu mulakan,neutral
lucu banget dah,positive
nanti living together terus pelihara kucing yang banyak ya,positive
anak kucingg bru info nama kucing cwo yg ada unsur politiknya,neutral
dear vtuber dengan lore kucing apakah kalian sudah disterilkan_,neutral
gua suka banget liat kucing yang mukanya berantakan gini jelek tapi lucuuu,positive
mulai masuk finishing pasang bata tempel lengkung ada kucing proyeq tebak bata trapesium lubang itu mau dijadiin apa credit pics by owner,neutral
soundcheck konser blusukan pas konser sampe manjat baricade fanservice tiada tanding encore pinata taeyong jogging malem² taeyong igs pohon kucing dan pemandangan warung pinggir kali butek taeyong post ig pemandangan jakarta tambahin ges kalo kurang,neutral
momen yang terasa begitu emosional seekor kucing dibawa untuk pertama kalinya ke makam pemiliknya yang telah meninggal dunia sesampainya di sana kucing tersebut justru berbaring di atas makam ini mengingatkan pada kebiasaannya saat masih hidup ketika ia kerap tidur di,negative
help rtlike open berbagi jumat berkah yang akan disalurkan untuk kucing kampung dan kucing rescue di hom dan sekitarnya ayo bantu mereka makan berobat vaksin dan steril bantuan mulai dari k atau seikhlasnya bantuan kecil sangat berarti terimakasih,neutral
seluruh organ di badan gue sepakat berpendapat pas momen ini si kratingg ngelus kucing trs nicha ngelus kepalapundak kratingg,negative
waktu itu kucing gue hamil untuk pertama kalinya terus gue elus sambil bilang wihh uwi udah mau jadi ibu doain ya gue juga nyusul hamil eh sebulan kemudian gue malah positif hamil,neutral
case hp segemoy ini emang boleh case polkadot ada kucing d yang lagi gelantungan kucingnya realistis banget lagi bobo lagi ngintip kamera gemesnya kebangetan,negative
star meovv selalu konsisten dengan brandingnya yang related sama kucing memasuki meovv centil era,neutral
guys ada yang mw adopt kucing ini gak ga nakal kok cuma doyan makan aja,negative
gemes banget louis apapun yang digendong dan dipegang kaya lagi ngemong kucing keseringan ngemong hunter sih ya meluk plushie gajah aja kaya meluk anabul,neutral
adik kaaka lagi akur hoki bnget sih mumpung mamah lagi keluar,neutral
bismillah tementemen catlovers amp orang baik yuk berbagi kebaikan jumat berkah untuk para kucing rescue dan sekitar jazakallah berkah selalu,positive
jom datang beramairamai bagi peluang kedua buat anakanak bulus kami cari keluarga baru lokasi the curvemutiara damansara tarikh sabtu amp ahad esok amp lusa masa pagi malam centre court banyak kucing comel amp manja menanti untuk diadopt,neutral
biasanya juga sm kucing,neutral
penghilang stres terbaik adalah ngobrol sama kucing,positive
reupload meme kucing nyimut untuk membujuk c kamu jajank bole dipakai ya mantimun sayang,positive
update dari penerima dana kibbles stray feeder dh terima sumbangan kibbles direct post feeder dh beli kibbles n terus jamu anak² jalanan lagi feeder blm update belian lg utk beg pertama alhamdulillah terima kasih ats sumbangan boleh bantu sikit lg utk beg ke,positive
selalu terhibur melihat fans kucing malaya yg kena prank,positive
okasaan ayo kita makan uda siang aku lapar,neutral
oh ini rupanya sebab kucing kejutkan kita bangun tidur pagipagi tak sangka betul,negative
anjing gue kesel banget dah udah berkalikali nih perkara binatang orang jadi kehilangan kerjaannya mana ini ternyata dia bukan nyiksa tapi biar lepasin anak kucing yang digigit sama itu anjing animal defender tai,negative
list korban kekerasan seksual lakilaki perempuan anakanak bayi lansia sesama lakilaki sapi kambing kuda anjing kucing orang utan biawak ayam ikan koi apa lagi guys keknya masih ada yang kelewat deh,negative
tanya abang grab ni tadi kenapa bawak kucing dia jawab saja bawak jalan jalan,neutral
lama lu emak kucing astagfirullah anaknya,negative
tantangan foto kucing mengenang si cimoo alm kocheng kesayangan yang udah berpulang bulan yang lalu,neutral
friendship pairing kittyz kittyz adalah ship name untuk dua anggota newjeans yaitu hanni dan haerin dinamakan kittyz karena keduanya memiliki fitur wajah mirip dengan kucing cat type faces wajah hanni memiliki karakter seperti kucing yang imut sedangkan haerin dikenal,positive
dapet orderan yg naek kucing,negative
menit hachiware berubah jd kucing yang disaksikan oleh chiikawa,negative
katanya orang yang punya kucing sering kali akhirnya memiliki kemiripan dengan kucing tersebut baik dari segi penampilan maupun kepribadian kamu sama lucunya sama felix ras kucing yang gak bikin ppe alergi kitta,positive
pura pura di marahin oleh ibunya si kucing pasang badan gak terima tuannya di pukulin,negative
when people ask me nak kucing,negative
info aja bobo si kucing meme onde mande telah pulang ke sisinya rip kucing onde mande,positive
people yg ckp nak adopt kucing kt sini arent serious pon they do it for engagement or probably hoping ada yg tepek bsh for free,neutral
dips ada yg mau kandang kucing kotak pasir gratis ya kak ukuran yg kecil xx,neutral
kucing kaget,neutral
𓊯 repost akan sangat berarti karena harimu akan terasa lebih baik setelah mampir ke toko mungil kami seekor kucing hitam menyapamu sementara setiap layout dan wording telah selesai dirapikan siap menemukan rumah barunya apakah kamu mau singgah sejenak,positive
cw bxb valitya valeriy x mitya local au harsh words kucing hamil prompt valitya punya kucing terus coparenting bareng mau aku jadiin short au hihi apakah ada yang mau ditaag,positive
tadi pagi pas buka jendela tiba tiba ada kucing ngeliatin ini mukanya yang mirip idol korea itu gasih,neutral
bangunin gw buat kasih makan temen kucing dianya udah siap temen kucingnya juga masih tidur kali nduttttt,neutral
si oyen kucing yang diamankan damkar karena dianggap terlalu ganas oleh warga setempat kucing asal cibinong bogor ini diamankan damkar lantaran sudah melukai warga sekitar pakansari salah satu warga mendapat jahitan setelah digigit dan dicakar si oyen,positive
daritadi lewat teel ni kucing mata boba trs mikir lha inimah juhoon lepas,negative
sunoo jungwon niki kalau dalam bentuk kucing,neutral
salah satu alasan kenapa kucing ga masuk surga kcg,negative
ada kucing baru sampe kantor guys,negative
iyan aku ihnyangie tesan eliminated kucing senior ngerjain kucing junior,negative
mohon doanya utk anabulku dan jadiin pelajaran ya tementemen jangan suka tarik buntut kucing,positive
detikdetik harimau jadi kucing mitch kata gw juga jangan so kuat jangan so kuat source aditaiworks,negative
lucu bgt nyangori menerapkan prinsip kalau kucing adalah makhluk cair yah alias dia bisa menyesuaikan sumpis bentuknya terus pas jalan kakinya bantet didorong dikit keknya gelinding hiksss,negative
jujur ini baru pertama kali lihat kucing diinfus dan ini kucingku sendiri kasian banget mau cerita aja jadi setelah miko selesai operasi sistotomikandung kemih sempat drop banget kondisinya karena demam gitu bahkan sampai ga mau makan dan minum jadi tadi ngejenguk,negative
ada yg kangen aku makan nasi kucing ga ya met makan guys kalian makan apa,neutral
seonghyeon di video ini beneran gemes bangettt di saat member lain sibuk yang lain dia malah sibuk main sama kucing gendong kucingnya terus ngejar kucingnya kemana mana aduh gemes banget anak kecil,negative
douyin dengardengar onedoor pengen liat anak kucing joget ya,positive
siapa pun yang ngecat kucing ini pakai buah naga gue cuma mau bilang ini bukan ayam anjir,negative
kopi kucing plenger ini lagi sebenarnya ada ga sih manusia normal yang sehari aja ga ngopi,negative
kucing kampung berwajah preman ini bahkan lebih beruntung diajak selca sama taeyong,positive
katanya pemilik kucing lamakelamaan jadi mirip sama kucingnya kan noleh ke arah perth kamu kan pemilikku jadi artinya kamu pasti mirip denganku dong salting jelek shopee perthsanta narock mak,negative
hari ke kuarantin kucing bertukar jadi kelawar,negative
jadi kamu kucing atau kelinci from tiktok content,neutral
happy mails finally kucing gembrot pulang ke rumah,positive
cantiknya kucing bangettt,neutral
di hidup yang cuma sekali ini masa aku gak bisa unyel unyel kucing ini,negative
rt untuk peluk kucing like untuk lari,neutral
kucing member aku gila ke datang dekat aku tiba tiba bau ketiak aku maybe ada aura yang ke,negative
jok motorku aman dari cakaran kucing tapi tidak dengan body motorku bener yg dibilang masku motor itu gak usah disayang banget dirawat aja,positive
kemaren lihat di base ada yg bawa kucing ke vet dimasukin galon jadi iseng nyoba,negative
kalo kucing kalian nemu tikus biasanya tikusnya diapain sama kucing kalian,neutral
kadang kita lebih panik kalau gak sengaja nabrak kucing atau lewati tempat angker daripada saat ninggalin shalat atau melanggar syariat betul atau betul ulama klasik ibnu aqil pernah menyentil fenomena ini simak selengkapnya,negative
help likert post di bawah ini ya kalau ada yang mau berbagi ke kucing kampung kucing teras kucing rescue boleh banget ke sini bantu beri makan pengobatan rencana vaksin dan steril juga,positive
di indonesia kan umumnya kucing dan anjing divaksin core rabies mungkin ada tambahan juga seperti felv di kucing atau bordetella di anjing berapa waktu pemberian jd polemik apakah bisa barengan atau dijarak kalau dijarak perlu berapa lama,negative
kucing dikejar anjing maling dikejar polisi suami dikejar istri,negative
ditinggal hari yg merindukanku ternyata cm adek kakakkakaknya sibuk main sendiri dan pesta snack,neutral
masih perlu bukti kucing punya nyawa mungkin benar adanya bahwa kucing punya nyawa shifu seekor kucing di bangkok thailand berhasil selamat setelah jatuh dari lantai enam gedung pencakar langit ia jatuh menimpa sebuah mobil sedan hingga membuat kaca belakang mobil,positive
td main ke senopati trus ketemu ini kata tukang parkir di sini ini kucingkucing rescue yg gak bisa bertahan dan dikubur di sini semua pas denger hatiku lgsg nyess bgt,neutral
aku takut klo itu ak udah ak lahap anjrit gemas imut bgt chubby imup kucing putih jju yaampun gemes bgt,positive
astaghfirullah kucing kayak gini yang bikin bendungan katulampa cepet kering airnya cat n roses,negative
bismillah yg mau berbagi kebaikan utk menolong pengobatan para kucing berpenyakit di jalanan doakan mereka supaya mereka tetep bisa survive info lengkap di ig rumahkucingbaba jazakallah,positive
bawa ke timeline lagi karna ini kucint sekali kucing mbul kucing pinkeu kucing pongoooo super lovingly,negative
io aku bukan kucing,negative
orang stress adalah orang yang manggil aadeekkkkk tiap liat kucing gw orang stressnya,negative
sampai sekarang masih heran sama yang nikah pake souvenir hewan hidup kok dari keluarga atau vendornya gaada yang kasih wejangan kalo itu hal yang aneh dan ga masuk akal masih banyak kok ide souvenir yang out of the box contohnya kimpul sayur buah atau tag koper gemes,neutral
haruskah aku membeli kucing pdip ini,neutral
mami aku bole yaa ikut kucing mainn ga boleh mamiiii liat itu kucing nakal sekali mami dih cengeng biyarin salah sendiri nakal hemph huhh kucinggg anjingnya jangan diledekin gitu ah maaf mami sekarang mami tanya kenapa anjing mau,negative
ril kebiasaan anak kucing pet pet,negative
mulai sabtu oktober pramono akan buka balai kota dki dibuka buat warga lewat program namu balai kota salah satu hal seru yang bisa ditemui di sana kucingkucing yang tinggal di kompleks balai kota kucingnya masih banyak berkeliaran bahkan sampai dekat ruang kerja,neutral
tempat tidur kucing bentuk toples madu lucu banget,positive
kalian bisa gak kalo war tuh geruduk aja akun yg bersangkutan tanpa bawabawa si artis balesbalesan mulu trus yg diserang artisnya kapan selesai war taik kucing itu,neutral
pengen melihara kucing ireng nanti kukasih nama amba,neutral
s bismillah tementemen carats yuk berbagi kebaikan jumat berkah untuk para kucing rescue di rumahkucingbaba dan sekitar jazakallah berkah selalu,positive
curiga aslinya dia kucing kenapa kelakuan nya kayak kucing banget sih gemesss maksudnyaaaa elahhh,neutral
love upon a time in berlin hewan apa yang disukai jj aku kucing bukannya kuda kenapa manithikhun plesetan ma kuda tapi ma nithikhun terdengar seperti my nithikhun nithikhunku tercinta adek pinter jawabnya hahaha,positive
gue kepikirin pengen jadi kucing gak mikirin cicilan dikasih makan tidur seharian,negative
pemain palsu kau diam menit tambahan kau berisik dasar kucing,negative
sakit jiwa lindungi kucing kalian guys,negative
miss him sm kalo emang bukan jalannya tolong biarin dia bahagia dan permudah aku untuk ga ganggu dia lagi hilangkan semua perasaan ini,negative
polisi menyalahgunakan senjata apinya untuk menembak manusia aja salah apalagi menyalahgunakan untuk menembak hewan dalam kasus ini dua kucing saya ditembak oleh oknum polisi tetangga sebelah rumah hanya karena kesalahpahaman,negative
nesa yang kosnya disekitar ktt baru ada yang pernah liat kucing ini ga di kalungnya tertulis nama dia chopper sama nomer sender klo ada yang liat tolong hubungi sender dia udah ngilang hampir seminggu lebih,neutral
how about this kucing pantai yang sombong,neutral
lucu ih kaya kucing centil lagi godain kucing cantik,positive
tadi dijalan aku liat ada yg nabrak kucing trs kabur gt aja pas mobilku mendekat ada anjing hitam lari dan aku lgsg rem mendadak si anjing langsung gigit leher kucing itu dibawa ke pinggir jalan trs digoyang perutnya itu yg nabrak ga malu sm anjing kah,negative
hubungan antara chipmunk dan kucing persia onetweet au gapapa deh abisin duit aku yang penting kamu kucing,neutral
ok hehe maaf banget tapi boleh ngga sih aku postingg foto uwu tai kucing aku alhamdulillah h utbk akhirnya menemukan jodoh yang sesuai smoga sampai maut memisahkann,positive
kucing tidak memiliki umur yg panjang mengapa kucing dibungkus baju org yg memelihara saat meninggoy hal ini sebagai penghormatan terakhir dan kedekatan emosional yang mendalam antara pemilik dan hewan peliharaannya,negative
non oomf but definitely gem,positive
ini video tahun lalu waktu masih sehat kucing talent klinik izin pamit yah setelah sakit tumor nasal semakin parah semakin sulit untuk makan dan bernapas maka akhirnya kami putuskan untuk ditidurkan iya aku eksekutornya nangisnya abis denger suara jantung berdetak,negative
mau cerita sedikit ini kucingku namanya miko sekarang udah hari dirawat di pet care miko dari baru lahir sampai segede ini hidupnya di rumah bobo bareng di kamar main bareng pernah kabur dari rumah juga tapi akhirnya pulang lagi karena lapar wkwk oh iya miko ini kucing,neutral
kayak kucing lagi birahi,negative
kalau kita mau beli sesuatu apa yang sebaiknya kita beli kalau aku bakal pesan pengharum mobil kalau aku saat ini aku ingin pesan rumah kucing cat condo sesuai kesukaan masing shopee perthsanta narock mak,neutral
ayah kalau kucing ni bunting ayah buang semua sekali ayah malas nak bela banyak kucing kucing beranak ayah namakan anak kucing tu oyot bawak pusing naik kereta setiap pagi,negative
naikin balon kucing buat mainan kucingnya jangan dinaikin yaa nanti kucingnya mati loh nhoo udahh biarin kucingnya bebas balonnya meletus kucingnya beneran mati loh nak langsung bersimpuh itu fourth belom juga mingkem,negative
malu kucing,negative
worth it kok walau kerjaanya fisik jauhhhhhh lebih capek dibanding pas nguli di indo pas yasumi selalu kuusahakan main masih bisa nabung juga kalo dipikir pas di indo nolep amp jarang keluar rumah kecuali lari di gorbeli pakan kucing kopi bjir,neutral
innalillahi wainnailaihi rojiun telah berpulang upin si kucing oren yang selalu menyapa dan manja kalo lagi di rumah selamat bermain sama ipin di surga jangan petakilan di rainbow bridge nanti kepeleset you were a good friend bud lt,neutral
waking up with heavy heart again what i should do,positive
kucing pun suka workshirt,negative
jadi katanya ada kucing yang rusak tanaman dia dia nuduhnya pasti ke kucing aku dia juga bilang ke aku kalau kucingnya ngerusak tanaman dia ah y udah maaf pas aku ke warung aku lihat dia lagi ngobrol kedengeran ngomongin tanamannya yg di acak kucing yg bikin kaget adalah,negative
ya emang kenapa sih kalo manggil ddkucing gua yang jembutnya sebadan aja ttp gua panggil dd,positive
papah aku jg kucing meow,positive
pasien dokter mix dari bebek paus dino kucing naga sampe harimau putih juga ada,neutral
ada kucing hitam basah lagi perform dipanggung,negative
fomo dapetin track rute kucing demi comeback boynextdoor thankyou guidenya sisstt selamat comebacknya bro,positive
kangen dua kucing ini hope youre both doing well and having the sweetest days and little felix please take good care of your papa and give him lots of cuddles for us be happy and healthy both of you miss youuu,negative
bokap gue kalo km punya kucing kasi nama bisnis ajah jd kalo kamu pulang alasannya mau ngurus bisnis trus dia ngakak sendiri dad jokes lvl,negative
nyemil cemilan kucing buat manusia pas istri beli ini kirain ngeprank ternyata konsepnya emang gitu kalian udah pernah coba belum guys,negative
mbg makanan bebek gratis tapi sejak dengar ada kucing keracunan mbg aku mau ngasih limbah mbg ke ayam peliharaanku jadi raguragu,neutral
sender lagi nangisnangis dan blm ada keluar kamar dr pagi terus ni kucing rela manjat hordeng menembus ventilasi supaya bisa berteriak udah belom nangisnya itu mangkok makanan gua belom lu isi,negative
realistis aja sekarang lakilaki mana yang diterima apa adanya sama cewegaada njing lakilaki itu dicintai ketika sudah memberikan sesuatu goblog kita itu bukan kucing yang dicintai karna lucu kita harus memberikan sesuatu dulu baru dicintai realistis aja memek,positive
aduhhh kucing pirang ini lagi,negative
siklus igd rs susah nerima indikasi ranap nihgtdirawatgtajukan klaim bpjsgtternyata blm sesuai versi merekagtgagal klaimpendinggtrs intruksi dokter igd buat ngetatin dan sesuai bpjsgt eh muncul aturan barugtkembali ke awal blm lagi verifikator tiap rs beda interpretasi gambling,neutral
seorang driver shopee food di yogyakarta menerima poin pelanggaran setelah paket makanan kucing yang diantarnya dilaporkan hilang oleh pembeli padahal paket tersebut terbukti sudah diterima dan digunakan oleh pihak fakultas kedokteran hewan ugm untuk merawat kucing bernama,neutral
keonhyeon kucing,negative
corfess corsell interest check menyambut ulang tahun james yg identik dengan kucing aku berencana open po kit bday james ini adakah yg minat drop ur pretty usn yap,neutral
lucu bgt rambutnya kayak kucing baru dimandiin phuwin st fancon idn,negative
ada kalian gkkk lovee yall yg udah mau nemenin kucing imupp ini,positive
diatas warna pink masih ada keenkeno diatas imutnya kucing putih masih ada keenkeno diatas kata imut masih ada keenkeno diatas kenyalnya mochi masih ada keenkeno diatas se,positive
kucing kucingnya ayahku di tahun dan yoona di tahun,neutral
ste plis sering kirim renjun ke varshow china biar terbiasa ama china entertainment kasian ni bocil malu kucing banget daritadi,negative
penasaran aja kalian bakalan pilih yang mana mandiin buaya dibayar jt mandiin kucing dibayar rb,neutral
nina bobo kucing version,neutral
anjing kesakitan setelah dipukul kucing terluka akibat digigit security kehilangan pekerjaan dan terancam dituntut apabila diperkerjakan kembali sebagai security yang merekam tetap melanjutkan hidup dengan mobilnya apa yang bisa dipelajari dari kasus ini,negative
tp lucu ya biasanya orang klo pengen main sama kucing suka maksa gendonginteract tp hyungu tu cuma deketin klo gamau yaudah dikejar doang readjalan kaya di bbrp foto dia sama kucing tu banyak kan yg dia duduknya jauhan sama si kucing gentle bgt,negative
sumpah iloveyou madmakz aku sayang kalian wahai kucing kucing kuuu,positive
kucing aku harus melindungi babuku dari gangguan jin,positive
penyanyi ini punya siapa ya ayah datang kak biarkan dia bersama dengannya semuanya tentang salad pedas penjaga ketertiban masyarakat karena hidup nggak bisa tanpa pedas bermain dengan api rock sampai jatuh tersungkur,negative
pov jadi simpanan tapi pelihara kucing,negative
influenser berasa keren pelihara hewan liar yg dilindungi padahal jauh lebih keren cinta laura pelihara kucing domestik nonras dong mana dikasih nama keluarga lagi,positive
cerewet rewel bawel semuanya ada di han taesan dia ditinggal semenit aja udah spam chat ngiranya kita udah gak sayang tukang ngambek silent treatment cemberut manyun mecucu hissing rewel bawel cubit aja ya bibirnya soalnya kalo dicium reweeeellllll rewel rewel kucing rewel,negative
aku kira delete file di onedrive gak bakal ngehapus fileku di leptopku aku delete semua file di onedrive gara gara one drivenya spamming notifikasi full teros trus seluruh file di desktop document picture leptopku ikut lenyap semua,neutral
op fll kirimi ak meme kucing enih mo bikin repottt kaga nyimpen random yakk tapi dipilihnya,negative
pagi sudah akan berikan teman kucing makan,neutral
pernah ga redi,negative
kucing aku kabur,negative
masih soal mimpi kucing hitamnya boss dijawab pbank kucing hitam mau rebut kucing putih tongtong pbank masih obses ngerebut muay tongtong dari boss,negative
net kim dan kucing oyen,neutral
andai kucing bisa internetan pasti mereka bakal bales itu gw tuh di kolom komentar dan hanya tinggal menunggu waktu kapan mereka diviralkan di internet secara tiba,neutral
setelah drama sjw anjing dan sjw kucing memakan korban satu satpam di plaza indonesia akankah berikutnya wayahe sjw tikus keluar juga,negative
dipikirpikir gw caper banget jir ke kucing pantes kalo gw dateng mereka lgsg pergi trs mukanya kek muak gitu mungkin mereka mikir yaelah ada org caper males bat gw,negative
somri klo kegamtenkan ini jrang lwat tl klian slahkan ncusku yg galauin kadal got sampe ga minat ngapa ngapain,negative
siapa yang pengen jadi kucing,neutral
kucing tepuk tangan itu lagi levi tiktok story,positive
rambut gua kok kaya kucing siam dipikir pikir,positive
coba liat loker di sby gajinya miris bgy cooy masa lulusan s juta juta bahka sempet liat untuk ukuran spv gaji cm jutaan gile gile aja,neutral
suka banget kalo jimin udah mode clingy ke jungkookjadi berasa kek liat anak kucing yang ndusel ndusel ke badan emak nya,negative
mbul aku mau naik kucing papa gak boleh naik kucing nnti kucingnya mati duarrr kucingnya beneran mati geminifourth lkn at pattaya,negative
mbulhap haplucu bgt kucingnom nom nom,positive
sampah masyarakat menghasilkan sampah juga kemarin bini keduanya yg nyolong cabe sekaeang anaknya yg nyolong kandang kucing fakk weekend,positive
mnrt gw orang yang melihara kucing pas masih kecil masih lucu terus pas udah gede dibuang sama aja bodohnya sama voter ada otak ga dipake,negative
masih inget gaaakk waktu itu ada yang ngeliat chanyeol beli makanan buat kucingkucing liar terus dia ngasih makan langsung ke mereka dia tuh benerbener sesayang dan setulus itu sama hewan,negative
the real binatang adalah bapakbapak yang random mukul kucing pake stick golf di decathlon pondok indah gue sumpahin lu dapet perlakuan yang sama ya binatang,positive
mamak udah suntiknya kok ga menjerit dia dokter dagingnya tebel yaa jadi ga kerasa,neutral
menurutku meovv yang identitas nya paling jelas full branding kucing dari awal debut,neutral
lemes bgt kayak kucing oon gitu,negative
kelinci atau kucing,neutral
wkwkwkwkwkwkwkwkwk,neutral
kucing hari minggat pulang marah marah dana pendidikan dialokasikan ke mbg,negative
baek banget kucing tetangga ini menyelamatkan burung yang pengen terbang bebas,positive
semua orang udah siap ngecap kucing ini penjahat tampangnya meyakinkan tikus ada di depan mata tapi ternyata dia cuma mainmain nggak digigit nggak dimakan nggak dihajar sama sekali terus tikusnya kabur lega belum tibatiba ayam jago nongol langsung nyabiknyabik dan,negative
kucing pdvv x buahan c,negative
kenapa org kalo kesurupan binatang pasti kemasukan binatang buas bukan binatang yg imut gitu bang ini kesurupan apa kok terus ndusel oooh inimah kucing anggora,neutral
lagi rame di apk sebelah cat lovers vs non cat lovers soalnya ada cuitan seorang catlovers kek gini konteksnya tuh sebelumnya ada yang sedih gegara kucingnya mati semua abis diracun orang kabarnya org yg ngeracun ngerasa terganggu sm kucingnya nah si calichonk as catlovers,negative
menurutku bunyi cit cit itu safety karena kita sbg ortu jadi tahu si anak jalan kemana juga suara itu bikin si anak senang jalan sehingga aku suka anak kecil dan kucing dua itu kalo dikomen aku harus respon,positive
cowo berwawasan luas tp gasuka kucing buat apa,neutral
samcip mending kamu bikin gebrakan vt jd ayam geprek aja deh nelangsa bgt lihat stiker kucing berkaca kaca sedih nab kamu udh pulang apa blm sih kalau ldr gini kadang pengen jailin sam suruh nabnab jgn plg dulu tapi lihat komen kucing makin sedih karena dia lg flu,negative
kakaknya hanum mega lagi koarkoar gw mah nangkepnya si hanum lagi naik nih karirnya intinya mah kalo dari neti kakaknya bawabawa emaknya minta beliin mobil biar dia juga bisa naik mobil gantiin mobil baru kek apa gimana kek buset dah minta mobil kaya minya permen,neutral
owner nya pororo jualan baju kucing gt kucing nya yg jadi model ya masa mau pake tikus buat modelnya lalu ownernya dapet cuan gt bisa beli makanan yg berkualitas utensil yg bagus dan bawa ke vet kalau pororo sakit masalahnya dimana sih,negative
katakata intelektual yang keluar dari mulutnya digunakan untuk berkamuflase se akan dia ada di pihak rakyat twlernyata eh ternyata lu kucing peliharaan nya syalan,negative
abang ditinggal kucing,negative
mau netflix sebulan cuy,positive
roblox guyss minta saran dong mending beli ava haerin di newjeansbando kucing atau omgtopi kelinci,neutral
vote lawan carmen aja udah ketar ketir duluan bagaimana kalo lu lawan fansnya lesti yakin lu kalah telak akwoakwoakwoakw,negative
kayak bocil gemes bgt mau nangis nuna op lagi ngomong sama ihan didingdongin terus tangannya sampe nunanya bilang ihan kucing wkwkwk ddingddong leehanie oon ddingddong leehanie puppy ddingddong leehanie aku cinta kamu stop,negative
guyssss bagi yang melihat kucing aku yang ini tolong segera hubungi aku yaa huhu ciriciri nya muka bulet kaya mochi stobeli terus muka nya ada pink pink gitu pokoknya kucing aku mbullll banget dehhh tolong cariin ya gesaku kgn bgt,neutral
ada kucing marah marah udah mau ngajak ribut itu calling aylio with love,negative
pompom kirakira ada yang mau bertukar ngga yaaa sender mau kafka blade sama dan heng chimera kalau mau tukeran kucing rakun juga sender boleh pertimbangkan tia,positive
youngkwang dikasih situasi dimana dia punya adik bungsu berusia tahun yang baru pertama kali pacaran tapi diputusin pacarnya dan pulang ke rumah jadi dia harus menghiburnya karena dia tipe kakak yang sayang banget ke adiknya tapi kalau diliat dari ekspresimu sekarang,neutral
baru ditinggal keluar kota sebentar si jelek udah ilang aja biasanya tiap pagi bangunin aku pake ngeongnya yang cempreng itu sekarang sepi bgt biasanya nemenin aku nonton di spot favoritnya itu sekarang aku lagi nonton sendirian nih siapa yang iseng ngambil jeleknya,negative
kucing berlari manakan sama si kucing belang kerja sehari manakan sama gaji menteri seorang,positive
roblox ingetin sender buat ga tergoda ambil giftcard inget perjuangan nurunin marketplace anw ada yg mau moots sama aku di x ppku kucing berkacamataෆ ෆ,positive
derbi klasik ke punya rrq yagesyaa btw impersonate kucing viral yh bang,neutral
itu merah merah bekas digigit kucing ya,positive
ngantor trs dibolehin lanjut wfh buat nemenin mom atasan gue lagi baik bgtttt thanks kak,neutral
persiapan sebelum operasi mandi keramas cukur jembi gunting semua kuku beli siapin bahan makanan buat kucingkucing ninggalin stock makanan buat orng rumah siapin baju dan perlengkapan buat staycation di rs,neutral
lets say gw goblok or something karena dari tadi gw bilang makasih ke moots gw yang ada ava gw on their posts gw kira kalian ngedit sendiri terus milih mutual tersayang kalian kucing kucing,negative
no sebagai bapak banyak kucing ini ngeongnya kira artinya apa ya trus kalo ini anaknya udah gendut tapi dia gamau main buat olahraga gitu mending sedot lemak apa ditunggu aja sampe idul qurban,neutral
gampang bgt disetir perkara kontra mbg langsung pada suka gibran anjingg lu pada lupa ingatan apa gmn sat ntar next pilpres anak tiktok twt ga jelas ini bakal mengagungkan gibran dan keulanglah neraka ini anjing gampang banget disetir lu pada gibran mode fufufafa tai kucing,negative
semoga direimburse allah deh pengeluaran buat kucing sekali keluar seginiii,neutral
jemi kucing aku pulang loh nangis banget lucuuuu kaya kucing,negative
ini si anak kucing lagi nunggu gilirannya ya,neutral
kisah cinta jc waktu masih remaja malumalu kucing banget ya,positive
gada yg paham sesuka apa aku sama skin keonho kucing ini boleh ga dipake lagi baju cukingnya,negative
in a serious question pooo gua sering mendapati luka cakar di dada lu wakakakakakk kuku lu tuh tajem kah atau elu punya kucing,negative
orangorang yang memelihara kucing biasanya punya kepribadian seperti kucing dan juga terlihat seperti kucing jadi karna kamu merawat aku kamu juga jadi kelihatan seperti aku bentar intinya dia ngaku kl dia kucing nya ppe shopee perthsanta narock mak,negative
supaya mengurangi angka putus obat bulan masa minum obat nya diubah jadi bulan saja aku dan suami pas baca,neutral
gwah ga boong fans lesti atau dangdut academy itu royal royal njir banyak vote mereka itu ratusan juta bahkan pengusaha aja ikutan njir,negative
beli apa ya lucu bisa representasi arkanites yunites soalnya kucing dan biji,positive
waktu kecil gue pernah berantem terus pulangpulang nangis tapi bokap gue malah bilang mau bales atau mau pulang tapi jangan nangis gue jawab mau bales akhirnya gue balik lagi ke tempat gue main dan ngebales anak yang nonjok muka gue sekarang bokap gue punya,negative
aru kayaknya cewe deh soalnya kucing ku juga cewe galak katanya kalo yg kalem clingy gitu kucing cowo yaa,negative
gue bedah bodoamat secara detail ini mah nicha emang mau fotoin kratingg fokusnya di krating pdhl hrsnya kan bisa fokusnya di kucing atau zoom kucingnya atau itu kan ada orang ya tapi kenapa yang difokusin cuma yaitu si kratinggkratingg menuhin layar,neutral
bayi tercantik buat anak artis jatuh ke baby kaia baby kaia bulanan busettt ini matanya cantik bangettt penasaran gedenya bakal kaya gimana ini bocil gemasss,neutral
siap pak siap bapak mohon izin bapak siap pak siap bapak tai kucing kasus ini kakau nggak berakhir dengan dipenjarakannya kalapas ya kebangetan lah,positive
iii salfok aku dibuatnya choi hyunsuk kenapa kamu sangat imut menggemaskan dan sangat cubit able pipi gempi mu ituu mana manis pulaaa inii argghh manusia kucing yaa kamuu,negative
hari ini sedih sekali habis usg dokter bilang perutku hangat kemudian beliau tanya pelihara kucing atau burung aku jawab pelihara kucing dok setelah itu dokter langsung merujuk untuk tes toxo dokter bilang kalau perut hangat biasanya identik toxo suami yang,negative
knp dia bocil bgt ya kl lg off stage kayak kucing hnggg matanya lucu gerak gerak kebingungan gt tangannya yg kecil itu smp dipegangin bocil bgt imutt pengen aku makan,negative
changbin alergi bulu kucing changbin sensitif di telinga tapi justru disini changbin telinganya malah dijilat ama kucing pula,neutral
kucing tuh imut banget ya sometimes they turned me on gw suka cewe sama cowo apalagi yang futa,negative
allyuu yuuji tuh tipikal yg ngerawat kucingkucing milik temantemannya dengan sepenuh hati tiap kali mereka nitip ke dia waktu megumi harus pergi ke luar kota untuk beberapa hari ia nitip kucingnya ke yuuji seekor kucing hitam dengan tubuh yang lumayan besar dan sebuah codet,negative
foto kucing kucingnya narak gak narak foto nani noah sky kucingnya narak ga kucing narak,negative
breaking news saat sungai han membeku kucing berjalan di atas sungai,negative
ada buku yang kalau dijelasin premisnya malah bikin orang makin bingung tokoh utamanya bus damri temannya kecoak ada kucing ikan pohon kehidupan sampai perjalanan melintasi ruang dan waktu yes ini buku semua ikan di langit karya ziggy zezsyazeoviennazabrizkie,neutral
dohoon anteng bgt dipakein selimut kek kucing,negative
stob udah slse tayang sekarang gua akan lanjut mempersiapkan diri buat menghadapi black draftnya red dance shoes dengan insiden kucing oyennya yg bakal terus dimanfaatin antis sama haters buat ngejatuhin yeye dan rds,neutral
kucing kalo jadi manusia udah gw nikahin keknya,negative
𝘩𝘺 rek 𝘧 𝘩𝘦𝘳𝘦 𝘢𝘥𝘢 𝘺𝘨 𝘮𝘢𝘶 𝘮𝘰𝘰𝘵𝘴,neutral
bangun sarapan amp kasih makan kucing tidur lagi house work gambar komis jbjbdoom scrollingngegamebaca manhwa ngerjain komis sambil livenonton stream tidur lt,neutral
tinjuan kucing eyan kucint,negative
danbi dolbi boneka jerapah debut di bubble kwangsoo oppa ini aku danbi tolonglah beliin makan lohh kamu cewe oppa aku dolbi meow lohh kamu kucing plot twist apaa ini ternyata danbi cewe dan dolbi seekor kucing meskipun raganya jerapah bacanya,neutral
hussst jangan di usik belakangan ini dia lagi vokal ngungkapin hubungannya sama kaka bule ke kita kucing garong jangan ganggu,negative
nyangka gak kalian elio cosplay jadi kucing ke calling aylio with love,negative
gatau nyasar kesini,negative
wkwkwkw macan gerung jadi kucing garong wlwk,neutral
kabar baik buat kalian yang masih hhmmmmeme kucing berfikir untuk memesan merch pickupmail preorder dibuka hingga oktober ya temanteman silahkan preorder sekarang juga link di bio,neutral
aku nangis ya t_____t beneran mau jadi kucing,negative
if you see this do it name height iya iya pendek nicknames miko siblings relationship ehe ada la udah pasti crushing ehe gimana yaehe fav season fuyu pets mbak mira mbak kecil cimit fav color black live,neutral
donation has been delivered part aylio shelter charity project hari ini kebaikan dari banyak hati telah sampai kepada kucing amp anjing yang membutuhkan penyaluran donasi untuk pondok pengayom satwa jakarta telah selesai dilaksanakan donasi yang terkumpul menjadi,negative
happy mailsss welcome home james kucing dan james galak,negative
abang pernah punya cukiing cewek yang papa temuin di taman komplek itu namanya cimeng bapak yang namain tapi cukingnya mati pas abang sd kelas dari situ dia gak mau lagi pelihara lagi karena sedih jadi ya cuma street feeding tnr main sama kucing random huft,negative
kalo gue block elu artinya lu ganggu gue jir gausah kepedean sok iyeee lu kucai tinggal block balik gausah banyak drama tai kucing kakean nyocot,negative
jangan lupa nanti malam kita ngobrolin gmn kucing ini jadi novel see you mas arieeel,neutral
few tweet au kali ini agenda dipta yang lagi kangen sama kucing hybridnya bang aksa karena udah seminggu gak ketemu,neutral
catcalling yang halal semestinya memanggil kucing psst psst,negative
ini kalau buat jajan di angkringan di solo udah dapat nasi kucing sayur gorengan plus kembalian kerupuk,neutral
nyangseo aku kucing ihnyangie meow meow hahahaha,positive
gemes banget kembaran kucing dudul semua ya ini,positive
bla bla bla kucing ngomong,neutral
lain kali main sama kucing di rumah aja udah cukup dimana tuh lah emang aku ada kucing bukan maksudnya nong book ohh nong book emang book lagi di mana nih dia kyk merajuk gitu baru ldr berapa jam doang lagian lu kan juga punya kucing itu si paofeii,neutral
gua gempa reflek ngecek kucing bangke pada tidur pules semua emang itu binatang cuma bangun kalo ada suara kresek makanan atau cetekan kaleng makanan doang bangke,positive
teng haiqi digigit kucing imut,negative
eyan kucin miripnya,neutral
inikah anak kucing dan anak anjing kita yang lucu saat bersama st fanival of singchimon,negative
omggggshahsha sky bikin kumis kucing di pipi nani pas foto bareng kemarin pas fancon nusuk pipi sekarang kumis kucing soon jub khem nempel pipi is coming skynani meroi in tokyo,neutral
moli kamu ternyata bukan kucing biasa,neutral
itulah kak poinnya yg dibicarakan kn faktor kelayakan amp kesempatan hdp pdhl jg g ad yg bilang amp g ad jaminan living abroad pasti jd kaya raya brgelimang hrta amp hdp mudah spt raja d negara perantauan aku akui ttp ad struggle nya tp y faktor upah ksmpatan,neutral
m jakarta divorced nonsmoker non drinker good evening looking for a friend moots yang isi tl personal tweet currently not yet ready in serious relationship tp kalo bisa nunggu lama dan cocok who knows lebih variasi open to any discussion to understand a person,neutral
lngshot x kiss of life belum lngshot x triple s udah lngshot x young posse belum lngshot x baby monster belum lngshot x meovv belum lngshot x izna belum lngshot x illit belum lngshot x say my name belum lngshot x vvup belum,negative
ternyata banyak banget ya kesamaan sama selain samasama made in bali mereka juga samasama cat lovers punya kucing namanya aru dan punya luna what else do you know about their similarities,positive
ih gemes banget mana diakhirnya santa segala nambahin suara kucing kalau lagi kesel bener kata perth kalau tata tu emang seimut felix shopee perthsanta narock mak,positive
nanti ku kabarin live jamber ya mungkin set an masih nemenin ka ori di dokter hewan kucingnya sakitt,negative
resshuffle kabinet telek kucing kalo alurnya begitu sih cuma diganti untuk dirotasi aja nothing special bidak caturnya sama cuma beda posisi dan title doang bahlil pun seistimewa dan sedipercaya apa sih sampai merangkap jabatan menko hilirisasi amp menteri esdm,neutral
ni kucingku hari berturutturut didatengin kucing yg beda emang secakep itu yang mulia tuan garfield,neutral
jelasin soal catcalling trs ada anomali jwb brrti kalo mau cheering org harus nanya dlu ka wtf otak kalian sekecil otak kucing kah sampe ga paham poin nya dimana,negative
jujur suka banget ngeliat vibes pasutri ini kenny austin mantap amanda manopo lebih mantepp,positive
rugi banget tim perfect crown gak buat animasi kucing huiju dan kucing ian daegun kayak gini padahal kalo dipake buat marketing pasti bakal rame karena seimut itu wkwkwk,negative
day fully autonomous ai paper trade ai buat research sendiri ai jual beli sendiri currently kita test kucing my own model openai luna sampp nasdaq,neutral
ikutan selagi sempet infoin kalo kurang atau salah tw cw tw bxb cainestorm nsfw maybe pet play sex toy storm kanan,neutral
jujur gw kaga ngikutin marapthon sama sekali gw baru tahu tepe dari podcast bang raditya dika dari beberapa momen dari interaksi radit dan tepe di sini sebagai penonton ya gw lumayan sebel dan kesel gw penasaran tepe memang karakternya begini dari dulu atau ini cuma,negative
kucing debat,negative
sepertinya dia ini lupa kalo dirinya kucing,negative
pagipagi belanja sayur pagipagi ngajak maen kucing,negative
lg main ketiduran,neutral
kucing liar selalu nyamperin kalau ada aku ngintil terus sebelum d kasih makan,positive
seekor kucing jawa yg tampan amp menawan,positive
kucing,negative
teman teman aku boleh minta bantu doanya ngga untuk kucingku ciwit dari pagi ini jantungnya melemah nafasnya dangkal dan bahkan sempat hilang nafas my baby,positive
menikmati pemandangan,neutral
btw besok menghilang dlu yeah ada pekerjaan di luar kota mamlasssssssssssssss,positive
kcg hidup lagi capecapenya malah liat kucing tarek tiga,neutral
istilah nama binatang yang dipakai manusia,neutral
wawansmuti,neutral
gak kuat mini blind box setan gendong kucing ini gemesnya kebangetan,negative
tadi ngambil makanan drivernya ngomong kak kucing nya lucu banget ngeliatin semua orang yang lewat pas aku cek lah iya sampe nangkring,positive
kalo gasukaa kucing tolong usir aja ya jangan jahatin mereka kucingku mati karna diracunin orang padahal kucingku ganakal jujur klo inget sakit hati bgtt pas liat sekaratnya,negative
kisah anjing menemukan anak kucing mati ditempat ramai perlahan anjing tersebut menggigit anak kucing dan membawa ke tempat sepi kemudian anjing itu menggali tanah dengan cakarnya setelah dirasa galian cukup dalam anjing tersebut mengubur anak kucing lihatlah,negative
resmi adopsi anak kucing,neutral
tas segemoy ini emang boleh kirain cuma gantungan ternyata tas boneka kucing yang bisa peluk bulunya super fluffy lembut banget ada topi beretnya juga gemes pol,positive
sering kucingkucingan dan sudah berulang kali memakan korban kecelakaan hingga hilang nyawa aksi balap liar di jalur akses exit tol setono akhirnya disergap kepolisian pada jumat sore jalur ini sekian lama dikeluhkan masyarakat karena maraknya aksi drag race dan atraksi,negative
ngurus jenazah tu kebutuhan yg hidup bukan kebutuhan almarhum,positive
dokter kucingnya mirip kucing,negative
adek ih beneran kaya kucing meow yang lagi kabur dari rumah abistu ngerusuh kucingkucing lain phuwin jangan meowmeow gitu gemes banget sih,negative
oi baru liat gemes banget yang kucing yg mana ya,negative
ada kucing yang ngambek ngga kak kalau kamu nyebut teammatesnya my type,positive
weibo 黄星eliot amp 邱鼎杰_kipuka comment sudah sepenuhnya dikuasai gambar kucing jus pintar aku sangat luar biasa tidak sengaja diguncang lagi ketahuan kurang satu jadi ditambahkan yang ini bukan live hahaha,positive
yushi si manusia kucing imup lucu ini harus menyegarkan teel kita dlu,positive
dimana ada susu disitu kau sedot kucing fix nanti kucing dan sapi bakal jadi saudara sepersusuan saudara sepersusuan adalah dua anak atau lebih yang menyusu kepada seorang wanita yang sama meskipun bukan ibu kandung mereka saudara sepersusuan adalah dua anak atau,neutral
huruhara midorima shintarou dan si kucing bandel yang sialnya imut dan super menggemaskan itu dalam dua babak,neutral
gemes banget beneran kucing pil series ep,positive
wv reply han dongmin kamu udah datang ya cepet juga ya komennya gimana kalo nambahin huruf ㅇ di setiap akhir kalimat eung ㅇ ㅋㅋㅋㅋㅋㅋㅋㅋㅋㅇ susah juga ya ㅇ taesanah gimana sih caranya biar bisa tikitaka ngobrol serunyambung sama,neutral
genit bngt kucing,negative
tapi sungguh laika kamu mudah dicinta,positive
mabok agama mabok miras kombinasi yang mematikan akalwaras dan bikin bengak dan kombinasi mabok dogma alkohol parang panjang mengubah takbir menjadi jeritan sumbang ala kucing kejepit pintu tuak biiir,neutral
oh si bubu tuh belom balik gue kira langsung balik abis dia bilang ga bs encore ada jadwal pesawat yg harus kita kejar yorobun wkwkwk lah gataunya malah keliling jpo main ama kucing,neutral
kucing aja kalau ngucing dari racha,neutral
nyosor kek kucing kamu tuh,negative
max kalau dicall out sama checo nurut aja gak ngelawan kucing jinak,neutral
kucingnya santa harimau termasuk keluarga kucing,neutral
jan udh confirm klo dia dan jj jdi cuma beda cm ga bakal terlalu keliatan wkwk,negative
sejujurnya gua masih syok sama elio jdi kucing emang bener kita gak bakalan tau dibalik rumah orang tuh ada kejadian apa wkekekeke,negative
haduh makin tengil aja tuh si kucing ireng,negative
suka yang hitam,positive
dear adekadek yang belom nikah coba dicek lagi latar belakang calonnya dan keluarganya jangan sampe elo nikah kayak beli kucing dalam karung bukannya bahagia malah disuruh ngebiayain hidup orang lain orang tua lo sendiri berjuang supaya generasi sandwich berhenti di mereka,negative
weibo 黄星eliot amp 邱鼎杰_kipuka comment super topic chua aku datang aku juga mau chua aku datang gambar kucing berjalan mendekat hahaha harus mau manfaatkan liburan untuk istirahat dan isi ulang energi,positive
nepok nepok bangku sebelah dia biar songo duduk di situ tapi kk bodo amat sampe unak yang geer bilang ntar aku duduk tetnya malah ngusir unak biar duduk di sono aja pas songo geser langsung boohit boohit sarrrr kucing kecil happy,negative
managernim instagram posts update with ehh ada kucing ga sii tadi pake jaket hijau gemesss bangett sii cil aduh kayaknya minjin terkena virus mamah mamah yang selalu gemas pada anaknya padahal nggak lagi ngapangapain deh,negative
ini kucing blok m namanya miko,negative
crayon doodle version of me barmain sama kucing,negative
bismillah aku mau bagi kucing ireng ini karna akhirnya aku di mudahkan buat ketemu bangtan desember besok syarat follow share dan up hasil streaming jimin x swim kalian close tba,neutral
kucing nya lagi bersedih,negative
juara satu selca rewel kucing imut,negative
kok bisa ya ada orang yg hatinya jahat kalau ga suka sm kucing tuh jgn sampe diracunin woy as cat lovers sakit hati bgt aku lihat ini,negative
centil banget centil adek gemes goyanggoyang dia guys imut hey kucing imut,positive
baru tau kalau tiap ilustrasi peringatan nasional pak jokowi selalu nyelipin kucing oyen,positive
ni kucing ke pokemon siaaa comel gila,negative
kucing takde adik ada,negative
liat kucing ibu kosan ak dia enih namanya muklis patroli setiap jam pagi untuk bangunin anak kosan ada yg punya kucing kosan juga,negative
info lokasi kucing taeyong di jpo mana itu mau naptil,neutral
kemahen kucing pun dah hipster tak nak mengeow dah kalau nak makan,neutral
hybridsun kucing,negative
lucu banget kaya kucing kepo,positive
eh ini moneymoneymoney sm pick it up kayanya bakal ada pc sm albummya deh,neutral
anjir ada sponsor toko roti holland bakery di voli walah pantes aje bobrok wkwkwk yg proper cm mills itu pbshit walopun masih taik kucing tpi lumayan bs bawa balik anak djarum lgi dan mmg seharusnya gt,negative
banyak banget gaya nya lu jewew wkwk,neutral
are appreciated hi this is my catalogue po and ga available ga rules on last slide kucing guling d ab both days sept oct pick upmail order go pls dm first genshin hsr lads form below,neutral
sama darimana ya anjing beda jauh lo makannya kalau mau bikin spekulasi minimal liat dulu pilot nya jangan asal njeplak kek bangsat bla bla bla tai kucing jangan cuma liat foto atau posternya doang aduh lu malem malem gue makan ya bolu panggang mekar,negative
kenapasih lucu banget adek kucing kucing kucing imut gemes cantik gorgeous gorgeous,positive
scalping juga ada masanya ga semua rsi bawah itu dikatakan harga bawah most of all kalo udah sentuh wave jangan sentuh yang keempat udah pasti jebol most of all ya kalo mantul ya kau hoki berarti apa yang akan saya lakukan jika seperti itu mau gamau ya dca lagi kudu,positive
kalo louis aplot foto bareng hunter rasa gemas gw teralihkan ke si hunter gw lupa sm si luindut walaupun sekarang jutek bgt kek kucing kampung tapi gemes mukanya kek orang muak,negative
kayaknya gue harus lebih sering nonton film baca buku cari hobi baru mulai lagi hobi lama beresin kamar olahraga belajar skill baru mungkin ambil s cari kerja yang lebih bagus resign buka usaha ikut kursus belajar bahasa baru terus ujungujungnya pengen pindah ke,positive
ohyul ryul louis woojin,negative
luthfi dengan manset abunya serah lu deh pi untung bigfans ttp sayang,positive
anak kucing bgtt savefranc in fanival,neutral
kst wv dm apa lagi ya yang bisa aku coba wah berhasil gambar yang berhasil setelah kali nyoba jinakin sekali lagi ya aku bilangin ini bukan kucing tapi llama nah next mari kita gambar gambar coba gambar woonhak ya gambar,neutral
jujur ya gw ngeliat kamari sama justin hubner ini ikut seneng kenapa karena ternyata justin tuh setulus itu sama si kamari dan jen gw mikirnya justin kek begajulan emosian gt tapi pas liat interaksinya mayi sama justin kek bjir dia emang yang di butuhin mayi soft banget dia,negative
bingping gak boleh ketinggalan kemanapun mamahnya pergi harus selalu di bawa tapi kebiasaan suka ngumpet malumalu kucing,negative
widih jewel mainannya orang have ya golf wkwk,positive
recent artwork sekali lagi ajak aku dong untuk bikin poster gigs design merch illustrasi puisi cover buku sticker pack zine atau apapun shoppe kucing bersericat udah ada,neutral
ada teorinya sebenernya katanya orang yang memilih kucing itu si pemiliknya juga bakal punya penampilan dan sifat yang mirip seperti kucing itu felix segemes apa berarti kamu juga segemes itu shopee perthsanta narock mak,negative
hdp indo percaya sih indo bakalan cetak goal gak kaya german tai kucing over pede juga pasti ada goal lebih korner harapan saya ole romeny on target terus jangan ada shat shut shat shit luar lapangan sepertinya kita hdp kn buat king indo gak masalah lahh setuju,positive
crab mentality diaspora yang doyan bikin konten kerja di ln gak enak ni rill coba teman lebih di perbanyak lagi sharing how to bisa keluar dr indo lolos whv audbildug dkknya toh sama pemerintah juga uda di suruh buat cari kerja di ln,neutral
dari foto ini makin terlihat jelas seberapa gede tangan jan pantesan jj hamil lagi padahal jewel baru bulan wkwkkwk,neutral
kata gua kucing mana yang pick eater makanya dipesenin salad sama jus buah terimakasih ya nona sugmomku tag,positive
mungkin alasan betah megang tangan ino tuh karena tangan ino lembut kek paw kucing kali,neutral
kata gw mah yaa jan terlalu gampang deh ngebego tololin orang di sosmed gini lo ga tau siapa di balik akun yang potonya idol korea lo ga tau siapa di balik akun yang potonya kucing tengkurep bisa jadi di balik akun itu ada aktivis ham bisa jadi dosennya kader golkar bisa,neutral
tata ngirimin video waktu tata ngeluarin felix dari box kucing ke perth ada adegan pas dia muncul dari dalam kotak di mv wish vibenya itu mirip banget kayak waktu kamu ngeluarin felix dari kotak yang videonya kamu kirim ke aku itu itu imut banget benerbener,positive
kucing putih siapa ini abis ketauan minum susu malah duduk di atas kompor,neutral
spend the day with my kucing oren,positive
ihiyyy ditanya ntar starlympics tukeran jersey lagi gak gak tau kucing malu tersipu nani joins rgbled birthday,negative
seokjin lucu banget kaya kucing yang lagi dielus kepalanya,positive
taeshan kucing oon tt,negative
beri kucing sebagai hantaran kahwin,neutral
ada yang abis mandi nehhhhhhh,negative
kayak gini sudah adil belum biar yg gede itu nggak iri sama adek nyaa,negative
my teori nyawit krating upload kucing lagi kangen nicha btw sendal havaianas couple itu lagi sebelum bawahnya rata licin keknya bakal dipake terus,negative
kalo ada yang mau bikin bday project idol misal donasi ke shelter atau apa gitu jangan lupa ke rumah kucing parung ya disana yayasan rumah kucing yang nerima dan menampung kucing jalanan bahkan kucing yang sakit juga mereka rawat untuk donasi pribadi bisa langsung kesini,negative
jadi inget suatu hari sahabat gw nangis pas gw bilang gw pengen childfree terjadilah percakapan yg kirakira gini a sedih justru orang kayak km yg harusnya punya anak g kenapa gitu a i know you kamu sama kuro dan koko my cats aja segitunya you would be a good,negative
x ketawa gift member memenya reply di qrt ini yah thursday october wib gmt,negative
guys di sini ada nggak sih yang udah nikah tapi lebih milih tinggal di rumah ortu masingmasing aku mau minta pendapat kalian aku nikah sama suami udah tahun dan kita tinggal di rumah mertuaku alias ibu suami aku dia janda dan iparku ada cewek semua pertama kali,neutral
obenerr pacaran,negative
judul sinetron kucingku ternyata oshiku,negative
ya elu semua pake tren an an kocak tai kucing bikin poster aja ai,negative
aru dah lupa sama majikannya,positive
aku lagi di klinik ada bayik gendud lucuk banget terus aku senyumin ibunya langsung bilang halo tante aku gembul ya beginilah bentukan bayik dari kecil yang ga pernah kecil,neutral
bm di pelukkk,neutral
di dalam gerbong kereta tempat setting pemotretan axing mendadak pasang muka melas paling dramatis sejagat raya dari balik jendela kereta yang terbuka dia mengulurkan tangannya keluar meraihraih udara ke arah chuchu yang lagi berdiri di samping jendela luar chuchu,neutral
dm hani daechinso udah selesai ihnyangie muncul _ laper nih pengen makan cemilan tolong rekomendasiin cemilan dong apa makan roti aja ya churu cat treatssnack kucing ttourechuru meongg harus pesen,neutral
short au my chaos boy edisi satya pengen kucing,positive
abis sakit langsung aktiv enih bocil wkwk,negative
hari ini renang lagiii,neutral
kayanya orang dalem jewel nih ga enak badan dah dia ga terlalu semangat kemarin tuh wkwk,negative
jewel kalo udh abis energinya udh bodo amat mau di apain juga wkwkkw,negative
alasan khun wine gamau di tinggal padahal cuma bulan,negative
siapin uwit kalian hari fulltime voucher diskon rb tanpa warga rebutan nanti tiap jam produk live xtra bebassss ga creator tertentu bisa mam kucing jajanan baju dll ga war tapi berlaku menit doang,neutral
sangt be like mak udah mak inget anak udah mau,positive
semangat jj ngadepin dua anak yg sifatnya kaya jan semua wkwkwkk,neutral
gue mau ikan bukan kucing sialan ini,negative
ngambek kan lu wkwk,positive
siapa orang yang paling ketinggalan tren dan kabar terbaru di internet sing amp king nunjuk leo leo aku leo biasanya yang aku cari itu tentang halhal kayak leo orang tionghoa kalau bilang aku menyukaimu nggak bakal ngomong langsung gitu kita nggak,neutral
langsung di kerubuni ciwi wkwk emang si telur handsomeandcool wkwk,neutral
kalau di gen ini setara as sama wnhk,neutral
ganteng banget jan,positive
sangt adalah anak yg geli sendiri liat ortunya lovey dovey,positive
jan mode playgirl bahaya banget sih,negative
kalo soal tenaga aku pasti kalah wkwkwkw kaka ntix nya kuat banget ya jj,neutral
jan ke jj setelah show pake jaket nya ya aku gamau itu jadi ga eksklusiv wkwkwk,negative
